Food,Calories,Fat,Sat.Fat,Trans_Fat,Cholesterol,Carbs,Fiber,Sugars,Protein
Hamburger,250,9,3.5,0.5,25,31,2,6,12
Cheeseburger,300,12,6,0.5,40,33,2,6,15
Double Cheeseburger,440,23,11,1.5,80,34,2,7,25
McDouble,390,19,8,1,65,33,2,7,22
 Quarter Pounder with Cheese,510,26,12,1.5,90,40,3,9,29
Double Quarter Pounder with Cheese,740,42,19,2.5,155,40,3,9,48
Big Mac,540,29,10,1.5,75,45,3,9,25
Big  Tasty,460,24,8,1.5,70,37,3,8,24
Big  Tasty with Cheese,510,28,11,1.5,85,38,3,8,27
Angus Bacon & Cheese,790,39,17,2,145,63,4,13,45
Angus Deluxe,750,39,16,2,135,61,4,10,40
Angus Mushroom & Swiss,770,40,17,2,135,59,4,8,44
Filet-O-Fish,380,18,3.5,0,40,38,2,5,15
McChicken ,360,16,3,0,35,40,2,5,14
McRib ,500,26,10,0,70,44,3,11,22
Premium Grilled Chicken Classic Sandwich,360,9,2,0,65,41,4,8,27
Premium Crispy Chicken Classic Sandwich,510,22,3.5,0,45,56,3,10,24
Premium Grilled Chicken Club Sandwich,460,17,6,0,90,43,4,9,35
Premium Crispy Chicken Club Sandwich,620,29,7,0,70,57,3,11,31
Premium Grilled Chicken Ranch BLT Sandwich,380,10,3,0,75,41,4,9,31
Premium Crispy Chicken Ranch BLT Sandwich,540,23,4.5,0,55,56,3,11,27
Southern Style Crispy Chicken Sandwich,400,17,3,0,45,39,1,6,24
Ranch Snack Wrap (Crispy),340,17,4.5,0,30,33,1,2,14
Ranch Snack Wrap (Grilled),270,10,4,0,45,26,1,2,18
Honey Mustard Snack Wrap (Crispy),330,16,4.5,0,30,34,1,4,14
Honey Mustard Snack Wrap (Grilled),260,9,3.5,0,45,27,1,4,18
Chipotle BBQ Snack Wrap (Crispy),330,15,4.5,0,30,35,1,4,14
Chipotle BBQ Snack Wrap (Grilled),260,9,3.5,0,45,28,1,5,18
Angus Bacon & Cheese Snack Wrap,390,21,9,1,75,28,1,4,21
Angus Chipotle BBQ Bacon,800,39,18,2,145,66,4,16,45
Angus Chipotle BBQ Bacon Snack Wrap,400,22,10,1,75,30,1,6,21
Angus Deluxe Snack Wrap,410,25,10,1.5,75,27,2,3,20
Angus Mushroom & Swiss Snack Wrap,430,26,10,1.5,75,27,2,2,22
Mac Snack Wrap,330,19,7,1,45,26,1,3,15
Small French Fries,230,11,1.5,0,0,29,3,0,3
Medium French Fries,380,19,2.5,0,0,48,5,0,4
Large French Fries,500,25,3.5,0,0,63,6,0,6
Ketchup Packet,15,0,0,0,0,3,0,2,0
Salt Packet,0,0,0,0,0,0,0,0,0
Chicken McNuggets (4 piece),190,12,2,0,25,12,1,0,9
Chicken McNuggets (6 piece),280,18,3,0,40,18,1,0,13
Chicken McNuggets (10 piece),470,30,5,0,65,30,2,0,22
Barbeque Sauce,50,0,0,0,0,12,0,10,0
Honey,50,0,0,0,0,12,0,11,0
Hot Mustard Sauce,60,2.5,0,0,5,9,2,6,1
Sweet  Sour Sauce,50,0,0,0,0,12,0,10,0
Chicken Selects Premium Breast Strips (3 pc),400,24,3.5,0,50,23,0,0,23
Chicken Selects Premium Breast Strips (5 pc),660,40,6,0,85,39,0,0,38
Spicy Buffalo Sauce,60,6,1,0,0,1,1,0,0
Creamy Ranch Sauce,170,18,3,0,10,2,0,1,0
Tangy Honey Mustard Sauce,60,2,0,0,5,10,0,8,0
Southwestern Chipotle Barbeque Sauce,60,0,0,0,0,15,1,11,0
Premium Southwest Salad with Grilled Chicken,320,9,3,0,70,30,6,11,30
Premium Southwest Salad with Crispy Chicken,430,20,4,0,55,38,6,12,26
Premium Southwest Salad (without chicken),140,4.5,2,0,10,20,6,6,6
Premium Bacon Ranch Salad with Grilled Chicken,260,9,4,0,90,12,3,5,33
Premium Bacon Ranch Salad with Crispy Chicken,370,20,6,0,75,20,3,6,29
Premium Bacon Ranch Salad (without chicken),140,7,3.5,0,25,10,3,4,9
Premium Caesar Salad with Grilled Chicken,220,6,3,0,75,12,3,5,30
Premium Caesar Salad with Crispy Chicken,330,17,4.5,0,60,20,3,6,26
Premium Caesar Salad (without chicken),90,4,2.5,0,10,9,3,4,7
Side Salad,20,0,0,0,0,4,1,2,1
Butter Garlic Croutons,60,1.5,0,0,0,10,1,0,2
Snack Size Fruit & Walnut Salad,210,8,1.5,0,5,31,2,25,4
 Creamy Southwest Dressing,100,6,1,0,20,11,0,3,1
 Creamy Caesar Dressing,190,18,3.5,0,20,4,0,2,2
 Low Fat Balsamic Vinaigrette,40,3,0,0,0,4,0,3,0
 Low Fat Family Recipe Italian Dressing,60,2.5,0,0,0,8,0,1,1
 Ranch Dressing,170,15,2.5,0,20,9,0,4,1
Egg McMuffin,300,12,5,0,260,30,2,3,18
Sausage McMuffin,370,22,8,0,45,29,2,2,14
Sausage McMuffin with Egg,450,27,10,0,285,30,2,2,21
English Muffin,160,3,0.5,0,0,27,2,2,5
"Bacon, Egg & Cheese Biscuit (Regular Size Biscuit)",420,23,12,0,235,37,2,3,15
"Bacon, Egg & Cheese Biscuit (Large Size Biscuit)",480,27,12,0,235,43,3,4,15
Sausage Biscuit with Egg (Regular Size Biscuit),510,33,14,0,250,36,2,2,18
Sausage Biscuit with Egg (Large Size Biscuit),570,37,15,0,250,42,3,3,18
Sausage Biscuit (Regular Size Biscuit),430,27,12,0,30,34,2,2,11
Sausage Biscuit (Large Size Biscuit),480,31,13,0,30,39,3,3,11
Southern Style Chicken Biscuit (Regular Size Biscuit),410,20,8,0,30,41,2,3,17
Southern Style Chicken Biscuit (Large Size Biscuit),470,24,9,0,30,46,3,4,17
"Steak, Egg & Cheese Bagel",660,33,12,1,300,56,3,7,33
"Bacon, Egg & Cheese McGriddles",420,18,8,0,240,48,2,15,15
"Sausage, Egg & Cheese McGriddles",560,32,12,0,265,48,2,15,20
Sausage McGriddles,420,22,8,0,35,44,2,15,11
Big Breakfast (Regular Size Biscuit),740,48,17,0,555,51,3,3,28
Big Breakfast (Large Size Biscuit),800,52,18,0,555,56,4,3,28
Big Breakfast with Hotcakes (Regular Size Biscuit),1090,56,19,0,575,111,6,17,36
Big Breakfast with Hotcakes (Large Size Biscuit),1150,60,20,0,575,116,7,17,36
Sausage Burrito,300,16,7,0,115,26,1,2,12
Burrito with Sausage,610,36,14,0.5,410,44,3,4,27
Hotcakes,350,9,2,0,20,60,3,14,8
Hotcakes and Sausage,520,24,7,0,50,61,3,14,15
Hotcake Syrup,180,0,0,0,0,45,0,32,0
Whipped Margarine (1 pat),40,4.5,1.5,0,0,0,0,0,0
Hash Brown,150,9,1.5,0,0,15,2,0,1
Grape Jam,35,0,0,0,0,9,0,9,0
Strawberry Preserves,35,0,0,0,0,9,0,9,0
"Bacon, Egg & Cheese Bagel",560,27,9,0.5,260,56,3,7,24
Fruit & Maple Oatmeal,290,4.5,2,0,10,57,5,32,5
Fruit & Maple Oatmeal without Brown Sugar,260,4.5,2,0,10,48,5,18,5
Hamburger Happy Meal,475,16,5.5,0,40,62,2,20,22
4 Piece Chicken McNuggets Happy Meal,395,17,3.5,0,35,41,1,14,19
6 Piece Chicken McNuggets Happy Meal,475,22,4.5,0,50,46,2,14,24
Fruit  Yogurt Parfait (7 oz),160,2,1,0,5,31,1,21,4
Low Fat Caramel Dip,70,0.5,0,0,5,15,0,9,0
Vanilla Reduced Fat Ice Cream Cone,150,3.5,2,0,15,24,0,18,4
Kiddie Cone,45,1,0.5,0,5,8,0,6,1
Strawberry Sundae,280,6,4,0,25,49,1,45,6
Hot Caramel Sundae,340,8,5,0,30,60,1,44,7
Hot Fudge Sundae,330,10,7,0,25,54,2,48,8
Peanuts (for Sundaes),45,3.5,0.5,0,0,2,1,0,2
McFlurry with M&MS Candies (12 fl oz cup),710,25,16,1,60,105,4,97,15
McFlurry with OREO Cookies (12 fl oz cup),580,19,10,1,50,89,3,73,13
Baked Hot Apple Pie,250,13,7,0,0,32,4,13,2
Cinnamon Melts,460,19,9,0,15,66,3,32,6
McDonaldland Cookies,260,8,2.5,0,0,43,1,13,4
Chocolate Chip Cookie,160,8,3.5,0,10,21,1,15,2
Oatmeal Raisin Cookie,150,6,2.5,0,10,22,1,13,2
Sugar Cookie,160,7,3,0,5,21,0,11,2
Apple Dippers with Low Fat Caramel Dip,100,0.5,0,0,5,23,0,15,0
Chocolate McCafe Shake (12 fl oz cup),580,17,10,1,50,94,1,77,11
Chocolate McCafe Shake (16 fl oz cup),720,20,12,1,60,119,1,98,15
Chocolate McCafe Shake (22 fl oz cup),880,24,15,1.5,75,147,1,121,18
Chocolate Triple Thick Shake (12 fl oz cup),440,10,6,0.5,40,76,1,63,10
Chocolate Triple Thick Shake (16 fl oz cup),580,14,8,1,50,102,1,84,13
Chocolate Triple Thick Shake (21 fl oz cup),770,18,11,1,70,134,1,111,18
Chocolate Triple Thick Shake (32 fl oz cup),1160,27,16,2,100,203,2,168,27
Snack Size McFlurry with M&MS Candies,430,16,10,0.5,35,64,2,59,9
Snack Size McFlurry with OREO Cookies,340,12,6,0,30,53,2,43,8
Strawberry McCafe Shake (12 fl oz cup),570,17,10,1,50,92,0,79,11
Strawberry McCafe Shake (16 fl oz cup),710,20,12,1,65,116,0,100,14
Strawberry McCafe Shake (22 fl oz cup),860,24,15,1.5,75,144,0,124,18
Strawberry Triple Thick Shake (12 fl oz cup),420,10,6,0.5,40,73,0,63,10
Strawberry Triple Thick Shake (16 fl oz cup),560,13,8,1,50,97,0,84,13
Strawberry Triple Thick Shake (21 fl oz cup),740,18,11,1,70,128,0,111,17
Strawberry Triple Thick Shake (32 fl oz cup),1110,26,16,2,100,194,0,168,25
Vanilla McCafe Shake (12 fl oz cup),540,16,10,1,45,88,0,64,10
Vanilla McCafe Shake (16 fl oz cup),680,20,12,1,60,111,0,82,14
Vanilla McCafe Shake (22 fl oz cup),830,24,14,1.5,75,138,0,103,17
Vanilla Triple Thick Shake (32 fl oz cup),1110,26,16,2,100,193,0,145,25
Vanilla Triple Thick Shake (12 fl oz cup),420,10,6,0.5,40,72,0,54,9
Vanilla Triple Thick Shake (16 fl oz cup),550,13,8,1,50,96,0,72,13
Vanilla Triple Thick Shake (21 fl oz cup),740,18,11,1,70,128,0,96,17
1% Low Fat Milk Jug,100,2.5,1.5,0,10,12,0,12,8
1% Low Fat Chocolate Milk Jug,170,3,1.5,0,5,26,1,25,9
Minute Maid 100% Apple Juice Box,100,0,0,0,0,23,0,22,0
Dasani Water,0,0,0,0,0,0,0,0,0
Minute Maid Orange Juice (Small),150,0,0,0,0,30,0,30,2
Minute Maid Orange Juice (Medium),190,0,0,0,0,39,0,39,3
Minute Maid Orange Juice (Large),280,0,0,0,0,58,0,58,4
Coca-Cola Classic (Child),110,0,0,0,0,29,0,29,0
Coca-Cola Classic (Small),150,0,0,0,0,40,0,40,0
Coca-Cola Classic (Medium),210,0,0,0,0,58,0,58,0
Coca-Cola Classic (Large),310,0,0,0,0,86,0,86,0
Diet Coke (Child),0,0,0,0,0,0,0,0,0
Diet Coke (Small),0,0,0,0,0,0,0,0,0
Diet Coke (Medium),0,0,0,0,0,0,0,0,0
Diet Coke (Large),0,0,0,0,0,0,0,0,0
Sprite (Child),110,0,0,0,0,28,0,28,0
Sprite (Small),150,0,0,0,0,39,0,39,0
Sprite (Medium),210,0,0,0,0,56,0,56,0
Sprite (Large),310,0,0,0,0,83,0,83,0
Hi-C Orange Lavaburst (Child),120,0,0,0,0,32,0,32,0
Hi-C Orange Lavaburst (Small),160,0,0,0,0,44,0,44,0
Hi-C Orange Lavaburst (Medium),240,0,0,0,0,64,0,64,0
Hi-C Orange Lavaburst (Large),350,0,0,0,0,94,0,94,0
POWERade Mountain Blast (Child),70,0,0,0,0,20,0,16,0
POWERade Mountain Blast (Small),100,0,0,0,0,27,0,21,0
POWERade Mountain Blast (Medium),150,0,0,0,0,39,0,31,0
POWERade Mountain Blast (Large),220,0,0,0,0,58,0,46,0
Iced Tea (Child),0,0,0,0,0,0,0,0,0
Iced Tea (Small),0,0,0,0,0,0,0,0,0
Iced Tea (Medium),0,0,0,0,0,0,0,0,0
Iced Tea (Large),0,0,0,0,0,1,0,0,0
Coffee (Small),0,0,0,0,0,0,0,0,0
Coffee (Large),0,0,0,0,0,0,0,0,0
Coffee Cream,20,2,1.5,0,10,0,0,0,0
Sugar Packet,15,0,0,0,0,4,0,4,0
"SPLENDA No
Calorie Sweetener",0,0,0,0,0,1,0,1,0
Iced Coffee Caramel (Small),130,5,3.5,0,20,21,0,20,1
Iced Coffee Caramel (Medium),190,8,5,0,30,27,0,27,2
Iced Coffee Caramel (Large),270,11,7,0,40,41,0,41,2
Iced Coffee Hazelnut (Small),130,5,3.5,0,20,21,0,21,1
Iced Coffee Hazelnut (Medium),190,8,5,0,30,29,0,29,2
Iced Coffee Hazelnut (Large),270,11,7,0,40,43,0,43,2
Iced Coffee Regular (Small),140,5,3.5,0,20,22,0,22,1
Iced Coffee Regular (Medium),200,8,5,0,30,30,0,30,2
Iced Coffee Regular (Large),280,11,7,0,40,45,0,45,2
Iced Coffee Vanilla (Small),130,5,3.5,0,20,21,0,21,1
Iced Coffee Vanilla (Medium),190,8,5,0,30,29,0,28,2
Iced Coffee Vanilla (Large),270,11,7,0,40,43,0,43,2
Iced Coffee with Sugar Free Vanilla Syrup (Small),60,5,3.5,0,20,8,0,1,1
Iced Coffee with Sugar Free Vanilla Syrup (Medium),90,8,5,0,30,11,0,2,2
Iced Coffee with Sugar Free Vanilla Syrup (Large),120,11,7,0,40,16,0,2,2
Sweet Tea (Child),110,0,0,0,0,27,0,27,0
Sweet Tea (Large),280,0,0,0,0,69,0,69,1
Sweet Tea (Medium),180,0,0,0,0,45,0,45,1
Sweet Tea (Small),150,0,0,0,0,36,0,36,1
Nonfat Cappuccino (Small),60,0,0,0,5,9,0,9,6
Nonfat Cappuccino (Medium),80,0,0,0,5,12,0,12,8
Nonfat Cappuccino (Large),90,0,0,0,5,13,0,13,9
Nonfat Latte (Small),90,0,0,0,5,13,0,13,9
Nonfat Latte (Medium),110,0,0,0,5,15,0,15,10
Nonfat Latte (Large),120,0,0,0,5,18,0,18,12
Nonfat Caramel Cappuccino (Small),150,0,0,0,5,33,0,32,5
Nonfat Caramel Cappuccino (Medium),190,0,0,0,5,41,0,41,6
Nonfat Caramel Cappuccino (Large),230,0,0,0,5,49,0,49,7
Nonfat Caramel Latte (Small),170,0,0,0,5,36,0,36,7
Nonfat Caramel Latte (Medium),220,0,0,0,5,45,0,45,9
Nonfat Caramel Latte (Large),260,0,0,0,5,53,0,53,10
Nonfat Hazelnut Cappuccino (Small),150,0,0,0,5,34,0,34,5
Nonfat Hazelnut Cappuccino (Medium),190,0,0,0,5,43,0,43,6
Nonfat Hazelnut Cappuccino (Large),230,0,0,0,5,51,0,51,7
Nonfat Hazelnut Latte (Small),180,0,0,0,5,37,0,37,7
Nonfat Hazelnut Latte (Medium),220,0,0,0,5,46,0,46,9
Nonfat Hazelnut Latte (Large),260,0,0,0,5,55,0,55,10
Nonfat Vanilla Cappuccino (Small),150,0,0,0,5,34,0,34,5
Nonfat Vanilla Cappuccino (Medium),190,0,0,0,5,42,0,42,6
Nonfat Vanilla Cappuccino (Large),230,0,0,0,5,51,0,51,7
Nonfat Vanilla Latte (Small),180,0,0,0,5,37,0,37,7
Nonfat Vanilla Latte (Medium),220,0,0,0,5,46,0,46,9
Nonfat Vanilla Latte (Large),260,0,0,0,5,55,0,55,10
Nonfat Cappuccino with Sugar Free Vanilla Syrup (Small),50,0,0,0,5,15,0,8,5
Nonfat Cappuccino with Sugar Free Vanilla Syrup (Medium),70,0,0,0,5,19,0,10,7
Nonfat Cappuccino with Sugar Free Vanilla Syrup (Large),80,0,0,0,5,22,0,11,8
Nonfat Latte with Sugar Free Vanilla Syrup (Small),80,0,0,0,5,18,0,11,7
Nonfat Latte with Sugar Free Vanilla Syrup (Medium),90,0,0,0,5,22,0,13,9
Nonfat Latte with Sugar Free Vanilla Syrup (Large),110,0,0,0,5,27,0,15,11
Mocha with Nonfat Milk (Small),240,5,3,0,5,41,0,34,7
Mocha with Nonfat Milk (Medium),280,6,3.5,0,10,50,0,42,8
Mocha with Nonfat Milk (Large),330,6,3.5,0,10,58,0,50,10
Hot Chocolate with Nonfat Milk (Small),250,5,3,0,10,43,0,37,8
Hot Chocolate with Nonfat Milk (Medium),310,6,3.5,0,10,55,0,47,11
Hot Chocolate with Nonfat Milk (Large),390,6,3.5,0,10,68,0,59,16
Iced Nonfat Latte (Small),50,0,0,0,5,7,0,7,5
Iced Nonfat Latte (Medium),60,0,0,0,5,9,0,9,6
Iced Nonfat Latte (Large),70,0,0,0,5,11,0,11,7
Iced Nonfat Caramel Latte (Small),140,0,0,0,0,30,0,30,3
Iced Nonfat Caramel Latte (Medium),150,0,0,0,5,32,0,32,5
Iced Nonfat Caramel Latte (Large),190,0,0,0,5,40,0,40,6
Iced Nonfat Hazelnut Latte (Small),140,0,0,0,0,32,0,32,3
Iced Nonfat Hazelnut Latte (Medium),150,0,0,0,5,33,0,33,5
Iced Nonfat Hazelnut Latte (Large),190,0,0,0,5,42,0,42,6
Iced Nonfat Vanilla Latte (Small),140,0,0,0,0,31,0,31,3
Iced Nonfat Vanilla Latte (Medium),150,0,0,0,5,33,0,33,5
Iced Nonfat Vanilla Latte (Large),190,0,0,0,5,41,0,41,6
Iced Nonfat Latte with Sugar Free Vanilla Syrup (Small),40,0,0,0,0,13,0,5,4
Iced Nonfat Latte with Sugar Free Vanilla Syrup (Medium),50,0,0,0,5,14,0,6,5
Iced Nonfat Latte with Sugar Free Vanilla Syrup (Large),60,0,0,0,5,19,0,8,6
Iced Mocha with Nonfat Milk (Medium),270,8,4.5,0,10,43,0,35,7
Iced Nonfat Caramel Mocha (Large),300,6,4,0,10,49,0,45,11
Iced Nonfat Caramel Mocha (Medium),240,6,4,0,10,37,0,34,9
Iced Nonfat Caramel Mocha (Small),200,6,4,0,10,29,0,26,6
Nonfat Caramel Mocha (Large),280,4,2.5,0,10,49,0,46,12
Nonfat Caramel Mocha (Medium),240,4,2.5,0,5,41,0,38,9
Nonfat Caramel Mocha (Small),200,4,2.5,0,5,34,0,31,8
Cappuccino (Small),120,7,4,0,20,9,0,9,6
Cappuccino (Medium),140,8,4.5,0,25,11,0,11,8
Cappuccino (Large),180,10,6,0,30,13,0,13,9
Latte (Small) ,150,8,4.5,0,25,11,0,11,8
Latte (Medium),180,10,6,0,30,13,0,13,10
Latte (Large),210,11,7,0,35,16,0,16,11
Caramel Cappuccino (Small),200,5,3,0,15,32,0,32,5
Caramel Cappuccino (Medium),240,6,3.5,0,20,41,0,40,6
Caramel Cappuccino (Large),290,8,4.5,0,25,49,0,49,8
Caramel Latte (Small),230,7,4,0,20,35,0,35,7
Caramel Latte (Medium),280,8,4.5,0,25,43,0,43,8
Caramel Latte (Large),330,9,5,0,30,52,0,51,9
Hazelnut Cappuccino (Small),200,5,3,0,15,34,0,34,5
Hazelnut Cappuccino (Medium),240,6,3.5,0,20,42,0,42,6
Hazelnut Cappuccino (Large),290,8,4.5,0,25,51,0,51,7
Hazelnut Latte (Small),230,7,4,0,20,36,0,36,7
Hazelnut Latte (Medium),280,8,4.5,0,25,45,0,45,8
Hazelnut Latte (Large),330,9,5,0,30,53,0,53,9
Vanilla Cappuccino (Small),200,5,3,0,15,34,0,34,5
Vanilla Cappuccino (Medium),240,6,3.5,0,20,42,0,42,6
Vanilla Cappuccino (Large),290,8,4.5,0,25,51,0,51,7
Vanilla Latte (Small),230,7,4,0,20,36,0,36,7
Vanilla Latte (Medium),280,8,4.5,0,25,44,0,44,8
Vanilla Latte (Large),330,9,5,0,30,53,0,53,9
Cappuccino with Sugar Free Vanilla Syrup (Small),100,5,3,0,15,15,0,7,5
Cappuccino with Sugar Free Vanilla Syrup (Medium),120,6,3.5,0,20,18,0,9,6
Cappuccino with Sugar Free Vanilla Syrup (Large),150,8,4.5,0,25,22,0,11,8
Latte with Sugar Free Vanilla Syrup (Small),130,7,4,0,20,17,0,10,7
Latte with Sugar Free Vanilla Syrup (Medium),160,8,5,0,25,21,0,11,8
Latte with Sugar Free Vanilla Syrup (Large),180,10,6,0,30,25,0,13,10
Mocha (Small),280,11,6,0,20,40,0,33,6
Mocha (Medium),330,12,7,0,25,48,0,41,7
Mocha (Large),400,14,8,0.5,30,58,0,49,10
Hot Chocolate (Small),300,12,7,0,25,41,0,35,8
Hot Chocolate (Medium),380,15,9,0.5,30,53,0,45,10
Hot Chocolate (Large),460,18,10,0.5,40,63,0,54,13
Iced Latte (Small),80,4.5,2.5,0,15,6,0,6,4
Iced Latte (Medium),100,6,3.5,0,15,8,0,8,6
Iced Latte (Large),140,8,4.5,0,25,10,0,10,7
Iced Caramel Latte (Small),160,3,1.5,0,10,29,0,29,3
Iced Caramel Latte (Medium),180,4.5,2.5,0,15,31,0,31,4
Iced Caramel Latte (Large),230,6,3.5,0,15,40,0,40,6
Iced Hazelnut Latte (Small),160,3,1.5,0,10,31,0,31,3
Iced Hazelnut Latte (Medium),180,4.5,2.5,0,15,33,0,33,4
Iced Hazelnut Latte (Large),230,6,3.5,0,15,41,0,41,6
Iced Vanilla Latte (Small),160,3,1.5,0,10,31,0,31,3
Iced Vanilla Latte (Medium),190,4.5,2.5,0,15,33,0,33,5
Iced Vanilla Latte (Large),230,6,3.5,0,15,41,0,41,6
Iced Latte with Sugar Free Vanilla Syrup (Small),60,3,2,0,10,12,0,4,3
Iced Latte with Sugar Free Vanilla Syrup (Medium),90,5,3,0,15,14,0,6,5
Iced Latte with Sugar Free Vanilla Syrup (Large),110,6,3.5,0,15,19,0,8,6
Iced Mocha (Medium),310,13,8,0,25,42,0,35,7
Caramel Mocha (Large),360,14,8,0.5,35,47,0,46,10
Caramel Mocha (Medium),290,12,7,0,25,39,0,38,8
Caramel Mocha (Small),250,11,6,0,25,33,0,31,7
Iced Caramel Mocha (Large),380,16,9,0.5,35,48,0,46,10
Iced Caramel Mocha (Medium),300,14,8,0,30,36,0,33,8
Iced Caramel Mocha (Small),240,12,7,0,25,29,0,26,6
Frappe Caramel (Small),450,20,13,1,55,61,0,57,6
Frappe Caramel (Medium),550,24,15,1,70,76,0,71,8
Frappe Caramel (Large),680,29,18,1.5,85,94,0,88,10
Frappe Mocha (Small),450,20,13,1,55,62,1,56,7
Frappe Mocha (Medium),560,24,15,1,65,78,1,70,8
Frappe Mocha (Large),680,28,18,1,80,96,1,87,10
Strawberry Banana Smoothie (Large),330,1,0.5,0,5,77,4,70,3
Strawberry Banana Smoothie (Medium),260,1,0,0,5,60,3,54,2
Strawberry Banana Smoothie (Small),210,0.5,0,0,5,49,2,44,2
Wild Berry Smoothie (Large),320,1,0.5,0,5,75,4,69,3
Wild Berry Smoothie (Medium),260,1,0,0,5,60,4,55,3
Wild Berry Smoothie (Small),210,0.5,0,0,5,48,3,44,2
Whopper Sandwich,660,40,12,1.5,90,49,2,11,28
Whopper Sandwich with Cheese,740,46,16,2,115,50,2,11,32
Bacon & Cheese Whopper Sandwich,790,51,17,2,125,50,2,11,35
Double Whopper Sandwich,900,58,20,3,175,49,2,11,48
Double Whopper Sandwich with Cheese,980,64,24,3,195,50,2,11,52
Triple Whopper Sandwich,1130,75,28,4,255,49,2,11,67
Triple Whopper Sandwich with Cheese,1220,82,32,4.5,280,50,2,11,71
Whopper JR. Sandwich,310,18,5,0.5,40,27,1,7,13
Bacon King Sandwich,1150,79,31,3.5,240,49,2,10,61
Cheddar Bacon King Sandwich,1190,84,33,3.5,235,50,2,11,64
Single Quarter Pound King Sandwich,580,29,13,1.5,105,49,2,10,32
Double Quarter Pound King Sandwich,900,54,25,3,210,50,2,11,56
Single Stacker King,700,42,16,2,125,48,1,10,35
Double Stacker King,1050,68,28,3.5,235,49,1,11,61
IMPOSSIBLE Whopper Sandwich,630,34,11,0,10,58,4,12,25
Hamburger,240,10,3.5,0.5,35,26,1,6,13
Cheeseburger,280,13,6,0.5,45,27,1,7,15
Double Hamburger,350,18,7,1,70,26,1,6,21
Double Cheeseburger,390,21,9,1.5,85,27,1,7,23
Extra Long Cheeseburger,630,37,14,1.5,100,45,2,9,29
Bacon Cheeseburger,320,16,7,0.5,55,27,1,7,17
Bacon Double Cheeseburger,420,24,10,1.5,90,27,1,7,25
Crispy Chicken Sandwich,670,41,7,0,60,54,2,8,23
Spicy Crispy Chicken Sandwich,700,42,7,0,65,57,3,8,25
Original Chicken Sandwich,660,40,7,0,75,48,2,5,28
Bacon & Cheese Crispy Chicken Sandwich,800,52,13,1,95,55,2,8,30
BBQ Bacon Crispy Chicken Sandwich,790,49,10,0.5,80,60,2,13,28
Crispy Chicken Jr.,450,30,5,0,30,34,2,5,12
Spicy Crispy Chicken Jr.,390,21,3.5,0,30,37,2,6,12
Chicken Nuggets- 4pc,170,11,1.5,0,25,11,1,0,8
Chicken Nuggets- 6pc,260,16,2.5,0,35,16,1,0,12
Chicken Nuggets- 10pc,430,27,4.5,0,55,27,2,0,20
Chicken Nuggets- 20pc,860,54,9,0,115,53,3,1,39
Spicy Chicken Nuggets- 4pc,210,15,3,0,20,11,2,0,8
Spicy Chicken Nuggets- 6pc,320,22,4.5,0,35,17,3,0,12
Spicy Chicken Nuggets- 10 pc,530,37,7,0,55,28,4,1,20
Spicy Chicken Nuggets- 20 pc,1050,74,15,0,110,56,9,1,40
Chicken Fries  9 pc.,280,17,2.5,0,35,20,1,1,13
Crispy Taco,170,9,3,0,10,19,2,1,5
BIG FISH Sandwich,510,28,4.5,0,30,51,2,7,16
Garden Chicken Salad with Crispy Chicken  no dressing,440,25,7,0,75,31,3,4,25
Club Salad with Crispy Chicken  no dressing,540,33,10,0,95,31,3,5,31
Garden Side Salad  w/o dressing,60,4,2.5,0,10,3,1,2,4
Kes Ranch Dressing,260,28,4,0,10,2,0,2,1
Kes Golden Italian Dressing,160,17,2.5,0,0,4,0,3,0
Kes Lite Honey Balsamic Vinaigrette,120,8,1,0,0,14,0,11,0
Buttery Garlic Croutons- Packet,60,2.5,0,0,10,9,0,1,1
Onion Rings  value,150,8,1.5,0,0,19,1,2,1
Onion Rings  small,320,16,3,0,0,41,3,4,3
Onion Rings  medium,410,21,3.5,0,0,53,4,5,4
Onion Rings  large,500,25,4.5,0,0,64,5,7,5
French Fries  value (unsalted),220,9,1.5,0,0,34,3,1,2
French Fries  small,320,13,2,0,0,49,5,1,4
French Fries  medium,380,16,2,0,0,58,6,1,4
French Fries  large,430,18,2.5,0,0,66,7,2,5
Kids Oatmeal,170,3,1.5,0,5,32,3,12,4
Chicken Nuggets- 4pc,170,11,1.5,0,25,11,1,0,8
Chicken Nuggets- 6pc,260,16,2.5,0,35,16,1,0,12
Hamburger,240,10,3.5,0.5,35,26,1,6,13
Cheeseburger,280,13,6,0.5,45,27,1,7,15
Motts Natural Applesauce,50,0,0,0,0,13,1,11,0
Fat FREE Milk (8 fl oz),90,0,0,0,5,13,0,12,9
1% Low Fat Chocolate Milk (8 fl oz),160,2.5,1.5,0,15,26,0,25,8
Capri Sun 100% Apple Juice (6 fl oz),80,0,0,0,0,20,0,20,0
PB&J Jamwich,300,16,3,0,0,33,4,11,11
Soft Serve Cone,190,4.5,3,0,20,32,0,24,5
Dutch Apple Pie,340,14,6,0,0,51,1,25,3
HERSHEYS Sundae Pie,310,19,12,0,10,32,1,22,3
Pie made with TWIX,370,20,13,0,10,45,1,30,4
OREO Cookie Cheesecake,350,18,8,0,35,41,1,25,6
Soft Serve Cone,190,4.5,3,0,20,32,0,24,5
Soft Serve Cup,170,4.5,3,0,20,28,0,24,5
HERSHEYs Chocolate Sundae,260,5,3,0,20,49,1,43,5
Caramel Sundae,240,5,3.5,0,20,42,0,33,5
Chocolate Chip Cookies (each),160,8,4,0,10,24,1,15,2
CROISSAWICH Egg & Cheese,340,18,8,0,160,29,1,4,12
"CROISSAWICH Sausage, Egg & Cheese",500,33,13,0,195,30,1,4,19
"CROISSAWICH Ham, Egg & Cheese",370,19,8,0,175,30,1,5,17
"CROISSAWICH Bacon, Egg & Cheese",370,21,9,0,170,30,1,4,14
Fully Loaded CROISSAWICH,610,40,17,0.5,225,31,1,5,28
Double CROISSAWICH with Sausage & Bacon,580,40,16,0.5,215,31,1,5,23
Double CROISSAWICH with Sausage,710,52,20,0.5,240,31,1,5,29
Double CROISSAWICH with Ham & Sausage,580,38,16,0.5,220,31,1,5,27
Fully Loaded Biscuit,640,45,20,0,225,31,1,4,28
"Ham, Egg, & Cheese Biscuit",400,24,12,0,175,29,1,3,17
"Sausage, Egg, & Cheese Biscuit",530,38,17,0,195,29,1,3,19
"Bacon, Egg & Cheese Biscuit",400,26,13,0,170,29,1,3,13
Sausage Biscuit,420,28,6,0,35,28,1,2,12
Breakfast Burrito Jr.,370,23,8,0,150,27,3,2,15
EGG-NORMOUS BURRITOÎ¡,780,42,15,0,355,68,3,4,32
BK„¢ Ultimate Breakfast Platter,930,44,11,0,390,110,4,40,24
NY Ultimate Platter (Regional menu item),900,46,12,0,380,95,5,31,25
Pancake and Sausage platter,610,31,9,0,80,72,1,30,12
Hash Browns  small,250,16,3.5,0,0,24,3,0,2
Hash Browns  medium,500,33,7,0,0,48,7,0,4
Hash Browns  large,670,44,9,0,0,65,9,0,5
French Toast Sticks (3 piece),230,11,2,0,0,29,1,8,3
French Toast Sticks (5 piece),380,18,3,0,0,49,2,13,5
American Cheese (slice),40,3.5,2,0,10,1,0,0,2
Ketchup (Packet),10,0,0,0,0,3,0,2,0
Mayonnaise (Packet),80,9,0.5,0,10,1,0,0,0
Strawberry or Grape Jam (packet),30,0,0,0,0,7,0,6,0
Breakfast Syrup (1 oz),120,0,0,0,0,30,0,18,0
Barbecue Dipping Sauce (1 oz),40,0,0,0,0,11,0,10,0
Ranch Dipping Sauce (1 oz),140,15,2.5,0,10,1,0,1,1
Buffalo Dipping Sauce (1 oz),80,8,1.5,0,5,2,0,1,0
Zesty Onion Ring Dipping Sauce (1 oz),150,15,2.5,0,20,3,0,0,0
Honey Mustard Dipping Sauce (1oz),90,6,1,0,10,8,0,7,0
Fat FREE Milk (8 fl oz),90,0,0,0,5,13,0,12,9
1% Low Fat Chocolate Milk (8 fl oz),160,2.5,1.5,0,15,26,0,25,8
Smoothie: Strawberry Banana 16 fl oz,310,1,0,0,0,71,3,50,4
Oreo Shake,720,20,12,0.5,65,118,1,98,16
Chocolate Oreo Shake,740,22,13,0.5,70,121,1,101,17
Vanilla Milk Shake,580,15,10,0,60,98,0,85,14
HERSHEYS Chocolate Milk Shake,610,16,10,0,60,103,1,88,14
Strawberry Milk Shake,640,15,10,0,60,113,0,99,14
Coca Cola classic¡,210,0,0,0,0,58,0,58,0
Diet Coke,0,0,0,0,0,0,0,0,0
Sprite,210,0,0,0,0,56,0,56,0
Dr. Pepper,190,0,0,0,0,52,0,51,0
Barqs Root Beer,240,0,0,0,0,65,0,65,0
Cherry Coke¡,220,0,0,0,0,61,0,61,0
Fanta Orange¡,230,0,0,0,0,62,0,61,0
Hi-C Fruit Punch¡,220,0,0,0,0,62,0,60,0
MINUTE MAID Light Lemonade,10,0,0,0,0,3,0,0,0
Sweet Tea,120,0,0,0,0,35,0,35,0
Unsweetened Tea,0,0,0,0,0,0,0,0,0
Capri Sun 100% Apple Juice,80,0,0,0,0,20,0,20,0
Minute Maid Orange Juice,140,0,0,0,0,33,0,30,2
Frozen Coke  16 oz,130,0,0,0,0,35,0,35,0
BK Cafe Coffee- 12 fl oz,0,0,0,0,0,0,0,0,0
BK Cafe Coffee- 16 fl oz,0,0,0,0,0,0,0,0,0
BK Cafe Coffee- 20 fl oz,0,0,0,0,0,0,0,0,0
BK Cafe Decaf Coffee- 12 fl oz,0,0,0,0,0,0,0,0,0
BK Cafe Decaf Coffee- 16 fl oz,0,0,0,0,0,0,0,0,0
BK Cafe Decaf Coffee- 20 fl oz,0,0,0,0,0,0,0,0,0
BK Cafe Iced Vanilla Coffee- 12 fl oz,150,8,4,0,25,21,0,21,1
BK Cafe Iced Vanilla Coffee- 16 fl oz,200,10,5,0,30,27,0,27,2
BK Cafe Iced Vanilla Coffee- 20 fl oz,260,13,7,0,40,34,0,34,2
BK Cafe Iced Mocha Coffee- 12 fl oz,180,8,4,0,25,27,1,25,2
BK Cafe Iced Mocha Coffee- 16 fl oz,240,10,6,0,30,35,1,32,2
BK Cafe Iced Mocha Coffee- 20 fl oz,300,13,7,0,40,45,2,41,3
BK Cafe Mocha Frappe- 12 fl oz,300,8,5,0,30,50,1,41,7
BK Cafe Mocha Frappe- 16 fl oz,400,10,7,0,40,68,1,58,9
BK Cafe Mocha Frappe- 20 fl oz,510,13,8,0,50,87,1,71,12
BK Cafe Caramel Frappe- 12 fl oz,300,8,5,0,35,50,0,41,7
BK Cafe Caramel Frappe- 16 fl oz,400,10,7,0,40,68,0,56,9
BK Cafe Caramel Frappe- 20 fl oz,500,12,8,0,50,86,0,71,11
Baconator,950,62,24,3,205,40,2,8,59
Daves Double,810,51,20,3,175,41,3,8,49
Daves Single,570,34,13,1.5,100,40,3,9,30
Daves Triple,1090,72,30,4,260,43,3,9,71
Double Stack,390,21,9,1.5,90,26,1,6,25
Jr. Bacon Cheeseburger,380,22,8,1,65,25,1,5,19
Jr. Cheeseburger,280,13,6,1,50,26,1,6,16
Jr. Cheeseburger Deluxe,340,19,7,1,55,27,2,7,16
Son of Baconator,630,39,15,1.5,125,37,2,7,34
3 Piece Chicken Tenders,330,16,2.5,0,75,22,0,0,24
4 Piece Chicken Nuggets,170,11,2,0,35,10,0,0,9
4 Piece Chicken Tenders,430,21,3.5,0,100,29,0,1,32
6 Picece Chicken Nuggets,250,16,3.5,0,50,14,1,0,13
6 Piece Chicken Tenders,650,32,5,0,150,43,0,1,48
10 Piece Chicken Nuggets,420,27,5,0,80,24,1,0,22
Crispy Chicken BLT,420,23,6,0,50,35,2,5,20
Crispy Chicken Sandwich,330,16,3,0,30,33,2,4,14
Grilled Asiago Ranch Club,530,23,7,0,120,36,3,6,43
Grilled Chicken Sandwich,370,10,2,0,90,38,3,8,34
Grilled Chicken Wrap,270,10,3.5,0,55,24,2,3,20
Homestyle Asiago Ranch Chicken Club,660,34,9,0,100,52,3,7,38
Homestyle Chicken Sandwich,510,22,4,0,70,51,3,6,28
SAwesome Sauce,120,12,2,0,0,4,1,3,1
Spicy Asiago Ranch Club,670,32,9,0,100,55,4,6,38
Spicy Chicken Sandwich,510,20,3.5,0,65,54,4,6,29
Spicy Chicken Wrap,370,20,5,0,50,30,2,2,18
"Apple Pecan Chicken Salad, Full Size",560,24,7,0,115,52,7,40,38
"Apple Pecan Chicken Salad, Half Size",340,17,4,0,55,29,4,22,20
"Berry Burst Chicken Salad, Full Size",460,17,4.5,0,105,41,7,29,41
"Berry Burst Chicken Salad, Half Size",290,13,2.5,0,50,23,5,15,23
Caesar Side Salad,240,15,4,0,30,19,3,4,8
Garden Side Salad,250,18,4,0,20,18,2,4,7
"Southwest Avocado Chicken Salad, Full Size",600,41,11,0,135,18,7,7,42
"Southwest Avocado Chicken Salad, Half Size",300,20,6,0,70,10,4,4,21
"Spicy Caesar Chicken Salad, Full Size",720,42,12,1,150,44,8,6,42
"Spicy Caesar Chicken Salad, Half Size",410,23,6,0.5,75,30,5,4,23
"Taco Salad, Full Size",660,32,13,1,85,63,10,18,32
"Taco Salad, Half Size",470,23,8,0.5,45,49,7,12,19
Apple Bites,35,0,0,0,0,9,2,7,0
Baconator Fries,490,28,9,0,35,45,4,2,14
Bacon Cheese Baked Potato,440,14,6,0,35,64,7,4,17
Cheese Baked Potato,430,13,7,0,30,65,7,5,14
Chili & Cheese Baked Potato,460,11,5,0,35,71,8,7,19
"Chili, Large",250,7,3,0.5,50,23,5,9,23
"Chili, Small",170,5,2,0,35,16,4,6,15
Chili Cheese Fries,500,25,8,0.5,35,53,6,4,16
"Natural-Cut Fries, Junior",230,10,2,0,0,30,3,0,3
"Natural-Cut Fries, Large",530,24,4.5,0,0,70,6,0,7
"Natural-Cut Fries, Medium",420,19,3.5,0,0,56,5,0,6
"Natural-Cut Fries, Small",320,15,2.5,0,0,43,4,0,5
Plain Baked Potato,270,0,0,0,0,61,7,3,7
Sour Cream and Chive Baked Potato,310,2.5,2.5,0,10,63,7,4,8
Summer Berry Burst Fruit Cup,20,0,0,0,0,5,1,3,0
1% Chocolate Milk,150,2.5,1.5,0,10,26,0,23,7
1% White Milk,90,2,1.5,0,10,10,0,10,7
"All-Natural Lemonade, Large",380,0,0,0,0,100,0,93,0
"All-Natural Lemonade, Medium",330,0,0,0,0,86,0,81,0
"All-Natural Lemonade, Small",190,0,0,0,0,50,0,47,0
"Apple Kiwi Fruit Tea, Large",330,0,0,0,0,83,0,80,0
"Apple Kiwi Fruit Tea, Medium",300,0,0,0,0,76,0,73,0
"Apple Kiwi Fruit Tea, Small",170,0,0,0,0,44,0,42,0
"Barqs Root Beer, Large",450,0,0,0,0,122,0,122,0
"Barqs Root Beer, Medium",360,0,0,0,0,98,0,98,0
"Barqs Root Beer, Small",220,0,0,0,0,61,0,61,0
"Brewed Unsweetened Iced Tea, Large",5,0,0,0,0,2,0,0,0
"Brewed Unsweetened Iced Tea, Medium",0,0,0,0,0,1,0,0,0
"Brewed Unsweetened Iced Tea, Small",0,0,0,0,0,1,0,0,0
"Caramel Iced Coffee, Medium",240,8,5,0,25,40,0,36,3
"Caramel Iced Coffee, Small",160,6,3.5,0,20,26,0,24,2
"Coca-Cola, Large",400,0,0,0,0,109,0,109,0
"Coca-Cola, Medium",320,0,0,0,0,87,0,87,0
"Coca-Cola, Small",200,0,0,0,0,54,0,54,0
"Coca-Cola Zero Sugar, Large",0,0,0,0,0,1,0,0,0
"Coca-Cola Zero Sugar, Medium",0,0,0,0,0,1,0,0,0
"Coca-Cola Zero Sugar, Small",0,0,0,0,0,0,0,0,0
"Diet Coke, Large",0,0,0,0,0,1,0,0,0
"Diet Coke, Medium",0,0,0,0,0,1,0,0,0
"Diet Coke, Small",0,0,0,0,0,0,0,0,0
"Dr Pepper, Large",240,0,0,0,0,66,0,64,0
"Dr Pepper, Medium",190,0,0,0,0,53,0,51,0
"Dr Pepper, Small",120,0,0,0,0,33,0,32,0
"Fanta Orange, Large",430,0,0,0,0,117,0,115,0
"Fanta Orange, Medium",340,0,0,0,0,94,0,92,0
"Fanta Orange, Small",210,0,0,0,0,59,0,58,0
"Hi-C Flashi Fruit Punch, Large",420,0,0,0,0,115,0,113,0
"Hi-C Flashi Fruit Punch, Medium",340,0,0,0,0,92,0,90,0
"Hi-C Flashi Fruit Punch, Small",210,0,0,0,0,58,0,56,0
"Honest Tropical Green Tea, Large",110,0,0,0,0,29,0,29,0
"Honest Tropical Green Tea, Medium",90,0,0,0,0,22,0,22,0
"Honest Tropical Green Tea, Small",60,0,0,0,0,14,0,14,0
Hot Tea,0,0,0,0,0,1,0,0,0
"Limeade, Large",460,0,0,0,0,117,0,111,0
"Limeade, Medium",380,0,0,0,0,98,0,93,0
"Limeade, Small",230,0,0,0,0,59,0,56,0
"Minute Maid Light Lemonade, Large",15,0,0,0,0,2,0,0,0
"Minute Maid Light Lemonade, Medium",10,0,0,0,0,1,0,0,0
"Minute Maid Light Lemonade, Small",5,0,0,0,0,1,0,0,0
"Mocha Iced Coffee, Medium",210,8,5,0,25,32,0,28,3
"Mocha Iced Coffee, Small",170,6,3.5,0,20,28,0,25,2
"Pear Berry Fruit Tea, Large",320,0,0,0,0,82,0,76,0
"Pear Berry Fruit Tea, Medium",300,0,0,0,0,76,0,70,0
"Pear Berry Fruit Tea, Small",170,0,0,0,0,44,0,40,0
"Skinny Vanilla Iced Coffee, Medium",100,8,5,0,25,14,0,0,3
"Skinny Vanilla Iced Coffee, Small",70,5,3.5,0,15,6,0,0,2
"Small Sprite, Small",200,0,0,0,0,53,0,53,0
"Sprite, Large",390,0,0,0,0,105,0,105,0
"Sprite, Medium",310,0,0,0,0,84,0,84,0
"Strawberry Lemonade, Large",480,0,0,0,0,121,0,114,0
"Strawberry Lemonade, Medium",380,0,0,0,0,98,0,92,0
"Strawberry Lemonade, Small",230,0,0,0,0,58,0,54,0
"Strawberry Sweet Tea, Large",270,0,0,0,0,69,0,67,0
"Strawberry Sweet Tea, Medium",240,0,0,0,0,60,0,59,0
"Strawberry Sweet Tea, Small",140,0,0,0,0,36,0,35,0
"Strawberry Tea, Large",90,0,0,0,0,22,0,20,0
"Strawberry Tea, Medium",60,0,0,0,0,16,0,14,0
"Strawberry Tea, Small",45,0,0,0,0,11,0,10,0
"Sweetened Iced Tea, Large",300,0,0,0,0,77,0,75,0
"Sweetened Iced Tea, Medium",220,0,0,0,0,58,0,56,0
"Sweetened Iced Tea, Small",160,0,0,0,0,41,0,40,0
"Vanilla Iced Coffee, Medium",250,8,5,0,25,42,0,39,3
"Vanilla Iced Coffee, Small",170,6,3.5,0,20,28,0,26,2
"Classic Chocolate Frosty, Junior",200,5,3,0,20,33,0,27,6
"Classic Chocolate Frosty, Large",590,15,10,0.5,60,99,0,81,17
"Classic Chocolate Frosty, Medium",470,12,8,0.5,50,79,0,65,13
"Classic Chocolate Frosty, Small",350,9,6,0,35,58,0,47,10
"Vanilla Frosty, Junior",190,5,3.5,0,25,32,0,27,5
"Vanilla Frosty, Large",570,15,10,0.5,70,94,0,78,15
"Vanilla Frosty, Medium",450,12,8,0.5,55,75,0,63,12
"Vanilla Frosty, Small",340,9,6,0,45,56,0,47,9
Chocolate Chunk Cookie,310,16,8,0,20,40,2,24,3
Double Chocolate Chunk Cookie,290,14,7,0,20,39,4,21,4
Sugar Cookie,330,16,8,0,25,43,1,24,3
Kids 2 Piece Chicken Tenders,200,10,1.5,0,45,13,0,0,15
Kids 4 Piece Chicken Nuggets,170,11,2,0,35,10,0,0,9
Kids Cheeseburger,280,13,6,0.5,50,25,1,5,15
Kids Grilled Chicken Wrap,270,10,3.5,0,55,24,2,3,20
Kids Hamburger,240,9,3.5,0.5,40,24,1,5,13
Artisan Egg Sandwich with Bacon,320,17,8,0,245,25,1,4,18
Artisan Egg Sandwich with Sausage,480,33,13,0,275,27,1,4,21
Bacon Breakfast Bowl,510,28,9,0,245,44,4,2,19
Biggie Breakfast Sandwich,610,40,15,0,290,37,2,7,27
Fresh-Baked Biscuit with Applewood Smoked Bacon,410,24,13,0,235,34,1,5,15
Fresh Baked Biscuit with Natural Sausage,590,41,19,0,270,36,1,6,20
Gravy and Sausage Bowl,450,22,6,0,220,50,4,2,12
Honey Butter Chicken Biscuit,500,26,12,0,50,48,1,9,19
Sausage and Egg Burrito,360,20,8,0,210,29,1,2,17
Sausage and Gravy Biscuit,490,29,14,0,20,49,2,6,8
Sausage Biscuit,480,33,15,0,50,35,1,5,12
Sausage Breakfast Bowl,640,42,14,0,270,46,4,3,21
"Seasoned Home-Style Potatoes, Large",360,13,2.5,0,0,57,6,1,5
"Seasoned Home-Style Potatoes, Medium",250,9,1.5,0,0,39,4,1,4
"Seasoned Home-Style Potatoes, Small",230,8,1.5,0,0,35,4,0,3
Two Sausage and Egg Burritos,720,41,16,0,420,59,2,5,34
Two Sausage Biscuits,960,65,31,0,95,70,3,10,23
Limited Time Cinnabon Dessert  Biscuits,290,13,7,0,5,40,2,17,4
Limited Time ORIGINAL RECIPE CHICKEN Chicken Breast,390,21,4,0,120,11,2,0,39
Limited Time ORIGINAL RECIPE CHICKEN Chicken Limited Time Drumstick,130,8,1.5,0,55,4,1,0,12
Limited Time ORIGINAL RECIPE CHICKEN Chicken Thigh,280,19,4.5,0,100,8,1,0,19
Limited Time ORIGINAL RECIPE CHICKEN Chicken Whole Wing,130,8,2,0,55,3,0,0,10
Chicken Breast,770,60,10,0,105,21,1,1,35
Chicken Drumstick,250,21,3.5,0,50,6,1,0,11
Chicken Thigh,500,40,7,0,100,11,1,1,22
Chicken Whole Wing,290,25,4,0,45,6,1,1,10
Breast,260,12,3,0,130,1,0,0,38
Drumstick,100,6,1.5,0,55,0,0,0,11
Thigh,180,12,3.5,0,90,0,0,0,17
Whole Wing,90,6,1.5,0,45,1,0,0,9
Breast,540,40,7,0,100,14,2,1,31
Drumstick,190,14,2.5,0,40,6,1,0,9
Thigh,390,32,6,0,65,12,2,1,13
Whole Wing,180,15,2.5,0,35,5,1,0,8
EXTRA CRISPY  Chicken Breast,530,35,6,0,105,18,0,0,35
EXTRA CRISPY  Chicken Drumstick,170,12,2,0,50,5,0,0,10
EXTRA CRISPY  Chicken Thigh,330,23,4.5,0,100,9,0,0,22
EXTRA CRISPY  Chicken Whole Wing,170,13,2,0,45,5,0,0,10
KENTUCKY GRILLED CHICKEN Breast,210,7,2,0,130,0,0,0,38
KENTUCKY GRILLED CHICKEN Drumstick,80,4,1,0,55,0,0,0,11
KENTUCKY GRILLED CHICKEN Thigh,150,9,3,0,90,0,0,0,17
KENTUCKY GRILLED CHICKEN Whole Wing,70,3,1,0,45,0,0,0,9
SPICY CRISPY CHICKEN Breast,350,20,3.5,0,100,11,1,0,30
SPICY CRISPY CHICKEN Drumstick,130,8,1.5,0,40,5,1,0,9
SPICY CRISPY CHICKEN Thigh,270,20,3.5,0,65,10,1,0,13
SPICY CRISPY CHICKEN Whole Wing,120,8,1.5,0,35,5,0,0,7
EXTRA CRISPY  Tender (each),260,14,2,0,50,15,1,0,19
EXTRA CRISPY  Tender (each),220,16,2.5,0,25,9,1,0,10
KENTUCKY FRIED WINGS Buffalo,100,7,1.5,0,20,3,0,0,5
KENTUCKY FRIED WINGS Honey BBQ,100,6,1,0,20,8,0,4,5
KENTUCKY FRIED WINGS Nashville Hot,130,11,2,0,20,4,0,0,5
KENTUCKY FRIED WINGS Unsauced,80,6,1,0,20,3,0,0,5
POPCORN NUGGETS Kids,290,19,2.5,0,30,19,1,0,13
POPCORN NUGGETS Large,620,39,5,0,65,39,2,0,27
BBQ Baked Beans,190,1,0,0,0,34,7,15,11
Biscuit,180,8,4.5,0,0,22,1,1,4
Coleslaw,170,12,2,0,5,14,4,10,1
Corn on the Cob,70,0.5,0,0,0,17,2,3,2
Green Beans,25,0,0,0,0,5,3,1,1
KFC Cornbread Muffin,210,9,1.5,0,35,28,1,11,3
Macaroni & Cheese,140,6,1.5,0,5,17,1,2,5
Macaroni Salad,140,8,1,0,15,14,0,9,1
Mashed Potatoes,110,3.5,0.5,0,0,17,1,0,2
Mashed Potatoes With Gravy,130,4.5,1,0,0,20,1,0,3
Potato Salad,340,28,4.5,0,25,19,2,3,2
Secret Recipe Fries,320,15,2,0,0,41,3,0,5
Sweet Kernel Corn,70,0.5,0,0,0,16,2,2,2
BBQ Baked Beans (Family),830,5,1,0,0,148,31,63,47
Coleslaw (Family),640,46,7,0,15,54,14,37,4
Corn on the Cob (Family),280,2,0,0,0,67,8,11,9
Green Beans (Family),80,0,0,0,0,15,9,3,4
Macaroni & Cheese (Family),540,23,6,0,10,66,5,8,18
Macaroni Salad (Family),480,28,3.5,0,55,50,0,30,3
Mashed Potatoes (Family),460,15,3,0,0,72,6,0,9
Mashed Potatoes With Gravy (Family),590,21,5,0,0,88,6,1,12
Potato Salad (Family),1200,98,16,0,80,65,8,12,8
Secret Recipe Fries (Family),840,40,5,0,0,108,9,0,13
Sweet Kernel Corn (Family),280,2.5,0,0,0,67,7,8,10
Chicken Littles,300,15,2.5,0,30,27,1,3,14
Chicken Littles  Buffalo,310,17,2.5,0,30,27,1,3,14
Chicken Littles  Honey BBQ,320,15,2.5,0,30,31,1,7,14
Chicken Littles  Nashville Hot,340,19,3,0,30,27,1,3,14
Classic Chicken Sandwich,650,35,4.5,0,90,49,1,6,34
Crispy Colonels Sandwich,470,24,3.5,0,60,39,1,4,24
Crispy Colonels Sandwich  Buffalo,500,27,4,0,60,39,1,4,24
Crispy Colonels Sandwich  Honey BBQ,510,25,3.5,0,60,48,1,12,24
Crispy Colonels Sandwich  Nashville Hot,540,32,4.5,0,60,40,1,5,24
Crispy Twister,630,34,7,0,70,53,4,3,28
Honey BBQ Sandwich,350,3.5,0.5,0,55,55,2,22,24
Spicy Chicken Sandwich,620,33,4,0,85,49,1,6,34
Chicken Pot Pie,720,41,25,0,80,60,7,5,26
KFC Famous Bowl,740,35,6,0,45,81,6,2,26
KFC Famous Bowl  Snack Size,270,14,3.5,0,20,27,2,1,11
Caesar Side Salad,40,2,1,0,5,2,1,1,3
House Side Salad,15,0,0,0,0,3,2,2,1
Heinz Buttermilk Dressing,160,17,2,0,10,1,0,1,0
Hidden Valley The Original Ranch Fat Free Dressing,35,0,0,0,0,8,0,2,1
KFC Creamy Parmesan Caesar Dressing,260,26,5,0,15,4,0,2,2
Marzetti Light Italian Dressing,15,0.5,0,0,0,2,0,1,0
Parmesan Garlic Croutons,60,3,0,0,0,8,1,0,2
Apple Turnover,230,10,2.5,0,0,32,1,12,2
Cafe Valley Chocolate Chip Cake (1 Slice),300,15,3,0,50,39,1,27,4
Cafe Valley Lemon Cake (1 Slice),220,10,2,0,30,30,0,20,2
Cafe Valley Mini Chocolate Chip Cake,300,12,2.5,0,40,49,1,35,3
Cafe Valley Mini Lemon Cake,300,13,2.5,0,50,43,0,31,3
Chocolate Chip Cookie,120,6,3,0,5,18,1,12,1
Oreo Cookies and Pie,270,13,8,0,4,35,1,24,3
Reeses Peanut Butter Pie,300,17,9,0,5,33,1,22,5
BBQ  Dipping Sauce Cup,45,0,0,0,0,11,0,11,0
Colonels Buttery Spread,35,4,1.5,0,0,0,0,0,0
Grape Jelly Packet,35,0,0,0,0,9,0,7,0
Honey Mustard  Dipping Sauce Cup,110,9,1.5,0,5,6,0,6,0
Honey Sauce Packet,30,0,0,0,0,8,0,5,0
Ketchup,30,0,0,0,0,8,0,6,0
KFC Sauce  Dipping Sauce Cup,90,8,1.5,0,10,5,0,5,0
Lemon Juice Packet,5,0,0,0,0,1,0,0,0
Ranch  Dipping Sauce Cup,130,14,2.5,0,10,2,0,1,0
Strawberry Jam Packet,35,0,0,0,0,9,0,6,0
Capri Sun 100% Juice Fruit Punch,80,0,0,0,0,21,0,20,0
Chocolate Milk 1%,150,2.5,1.5,0,10,26,0,23,7
Milk 1%,90,2,1.5,0,10,10,0,10,7
Musselmas„¢ Applesauce,45,0,0,0,0,12,1,8,0
7UP (12 fl oz),140,0,0,0,0,35,0,35,0
7UP (16 fl oz),190,0,0,0,0,46,0,46,0
7UP (20 fl oz),240,0,0,0,0,58,0,58,0
7UP (30 fl oz),350,0,0,0,0,87,0,87,0
Classic Lemonade (1/2 Gallon),880,0,0,0,0,234,0,228,0
Classic Lemonade (20 fl oz),140,0,0,0,0,39,0,38,0
Code Red Mountain Dew (12 fl oz),170,0,0,0,0,46,0,46,0
Code Red Mountain Dew (16 fl oz),230,0,0,0,0,62,0,62,0
Code Red Mountain Dew (20 fl oz),290,0,0,0,0,77,0,77,0
Code Red Mountain Dew (30 fl oz),430,0,0,0,0,116,0,115,0
Diet Dr Pepper (12 fl oz),0,0,0,0,0,0,0,0,0
Diet Dr Pepper (16 fl oz),0,0,0,0,0,0,0,0,0
Diet Dr Pepper (20 fl oz),0,0,0,0,0,0,0,0,0
Diet Dr Pepper (30 fl oz),0,0,0,0,0,0,0,0,0
Diet Mist Twst (12 fl oz),0,0,0,0,0,0,0,0,0
Diet Mist Twst (16 fl oz),0,0,0,0,0,0,0,0,0
Diet Mist Twst (20 fl oz),0,0,0,0,0,0,0,0,0
Diet Mist Twst (30 fl oz),5,0,0,0,0,0,0,0,0
Diet Mountain Dew (12 fl oz),0,0,0,0,0,1,0,0,0
Diet Mountain Dew (16 fl oz),5,0,0,0,0,1,0,0,0
Diet Mountain Dew (20 fl oz),10,0,0,0,0,1,0,1,0
Diet Mountain Dew (30 fl oz),10,0,0,0,0,1,0,1,0
Diet Pepsi (12 fl oz),0,0,0,0,0,0,0,0,0
Diet Pepsi (16 fl oz),0,0,0,0,0,0,0,0,0
Diet Pepsi (20 fl oz),0,0,0,0,0,0,0,0,0
Diet Pepsi (30 fl oz),0,0,0,0,0,0,0,0,0
Diet Pepsi Wild Cherry Pepsi (12 fl oz),0,0,0,0,0,0,0,0,0
Diet Pepsi Wild Cherry Pepsi (16 fl oz),0,0,0,0,0,0,0,0,0
Diet Pepsi Wild Cherry Pepsi (20 fl oz),0,0,0,0,0,0,0,0,0
Diet Pepsi Wild Cherry Pepsi (30 fl oz),0,0,0,0,0,0,0,0,0
Dr Pepper (12 fl oz),140,0,0,0,0,39,0,38,0
Dr Pepper (16 fl oz),190,0,0,0,0,52,0,51,0
Dr Pepper (20 fl oz),240,0,0,0,0,65,0,64,0
Dr Pepper (30 fl oz),360,0,0,0,0,98,0,96,0
Lipton Brisk Lemon Tea (12 fl oz),80,0,0,0,0,22,0,22,0
Lipton Brisk Lemon Tea (16 fl oz),110,0,0,0,0,29,0,29,0
Lipton Brisk Lemon Tea (20 fl oz),140,0,0,0,0,36,0,36,0
Lipton Brisk Lemon Tea (30 fl oz),210,0,0,0,0,55,0,54,0
Lipton Brisk No Calorie Peach Iced Green Tea (12 fl oz),0,0,0,0,0,0,0,0,0
Lipton Brisk No Calorie Peach Iced Green Tea (16 fl oz),0,0,0,0,0,0,0,0,0
Lipton Brisk No Calorie Peach Iced Green Tea (20 fl oz),5,0,0,0,0,0,0,0,0
Lipton Brisk No Calorie Peach Iced Green Tea (30 fl oz),10,0,0,0,0,0,0,0,0
Lipton Brisk Raspberry Tea (12 fl oz),80,0,0,0,0,20,0,20,0
Lipton Brisk Raspberry Tea (16 fl oz),100,0,0,0,0,26,0,26,0
Lipton Brisk Raspberry Tea (20 fl oz),130,0,0,0,0,33,0,33,0
Lipton Brisk Raspberry Tea (30 fl oz),190,0,0,0,0,49,0,49,0
Lipton Brisk Sweet Iced Tea (12 fl oz),80,0,0,0,0,22,0,21,0
Lipton Brisk Sweet Iced Tea (16 fl oz),110,0,0,0,0,29,0,29,0
Lipton Brisk Sweet Iced Tea (20 fl oz),130,0,0,0,0,36,0,36,0
Lipton Brisk Sweet Iced Tea (30 fl oz),200,0,0,0,0,54,0,54,0
Lipton Brisk Unsweetened No Lemon Iced Tea (12 fl oz),0,0,0,0,0,0,0,0,0
Lipton Brisk Unsweetened No Lemon Iced Tea (16 fl oz),0,0,0,0,0,0,0,0,0
Lipton Brisk Unsweetened No Lemon Iced Tea (20 fl oz),0,0,0,0,0,0,0,0,0
Lipton Brisk Unsweetened No Lemon Iced Tea (30 fl oz),0,0,0,0,0,0,0,0,0
Manzanita Sol (12 fl oz),160,0,0,0,0,42,0,42,0
Manzanita Sol (16 fl oz),210,0,0,0,0,57,0,57,0
Manzanita Sol (20 fl oz),260,0,0,0,0,71,0,71,0
Manzanita Sol (30 fl oz),400,0,0,0,0,106,0,106,0
Miranda Strawberry (12 fl oz),160,0,0,0,0,44,0,44,0
Miranda Strawberry (16 fl oz),220,0,0,0,0,58,0,58,0
Miranda Strawberry (20 fl oz),270,0,0,0,0,73,0,73,0
Miranda Strawberry (30 fl oz),410,0,0,0,0,109,0,109,0
Mist Twst (12 fl oz),150,0,0,0,0,41,0,41,0
Mist Twst (16 fl oz),200,0,0,0,0,54,0,54,0
Mist Twst (20 fl oz),260,0,0,0,0,68,0,68,0
Mist Twst (30 fl oz),380,0,0,0,0,101,0,101,0
MNT DEW Sweet Lightning (20 fl oz),120,0,0,0,0,32,0,25,0
Mountain Dew (12 fl oz),160,0,0,0,0,44,0,44,0
Mountain Dew (16 fl oz),220,0,0,0,0,59,0,58,0
Mountain Dew (20 fl oz),270,0,0,0,0,73,0,73,0
Mountain Dew (30 fl oz),410,0,0,0,0,110,0,109,0
Mug Root Beer (12 fl oz),140,0,0,0,0,39,0,39,0
Mug Root Beer (16 fl oz),190,0,0,0,0,52,0,52,0
Mug Root Beer (20 fl oz),240,0,0,0,0,65,0,65,0
Mug Root Beer (30 fl oz),360,0,0,0,0,98,0,98,0
Pepsi Zero Sugar (12 fl oz),0,0,0,0,0,0,0,0,0
Pepsi Zero Sugar (16 fl oz),0,0,0,0,0,0,0,0,0
Pepsi Zero Sugar (20 fl oz),0,0,0,0,0,0,0,0,0
Pepsi Zero Sugar (30 fl oz),0,0,0,0,0,1,0,0,0
Pepsi (12 fl oz),150,0,0,0,0,41,0,41,0
Pepsi (16 fl oz),200,0,0,0,0,55,0,55,0
Pepsi (20 fl oz),250,0,0,0,0,69,0,69,0
Pepsi (30 fl oz),380,0,0,0,0,104,0,103,0
Sobe Lifewater Yumberry Pomegranate (12 fl oz),0,0,0,0,0,0,0,0,0
Sobe Lifewater Yumberry Pomegranate (16 fl oz),0,0,0,0,0,0,0,0,0
Sobe Lifewater Yumberry Pomegranate (20 fl oz),0,0,0,0,0,0,0,0,0
Sobe Lifewater Yumberry Pomegranate (30 fl oz),5,0,0,0,0,1,0,0,0
Strawberry Lemonade (1/2 Gallon),950,0,0,0,0,270,0,264,0
Strawberry Lemonade (20 fl oz),170,0,0,0,0,45,0,44,0
Tropicana Fruit Punch (12 fl oz),170,0,0,0,0,45,0,45,0
Tropicana Fruit Punch (16 fl oz),230,0,0,0,0,60,0,60,0
Tropicana Fruit Punch (20 fl oz),280,0,0,0,0,75,0,75,0
Tropicana Fruit Punch (30 fl oz),420,0,0,0,0,113,0,112,0
Tropicana Light Lemonade (12 fl oz),5,0,0,0,0,0,0,0,0
Tropicana Light Lemonade (16 fl oz),10,0,0,0,0,0,0,0,0
Tropicana Light Lemonade (20 fl oz),10,0,0,0,0,0,0,0,0
Tropicana Light Lemonade (30 fl oz),15,0,0,0,0,1,0,0,0
Tropicana Pink Lemonade (12 fl oz),150,0,0,0,0,40,0,40,0
Tropicana Pink Lemonade (16 fl oz),210,0,0,0,0,53,0,53,0
Tropicana Pink Lemonade (20 fl oz),260,0,0,0,0,67,0,67,0
Tropicana Pink Lemonade (30 fl oz),390,0,0,0,0,100,0,100,0
Tropicana Twister Orange (12 fl oz),170,0,0,0,0,46,0,46,0
Tropicana Twister Orange (16 fl oz),230,0,0,0,0,61,0,61,0
Tropicana Twister Orange (20 fl oz),290,0,0,0,0,76,0,76,0
Tropicana Twister Orange (30 fl oz),430,0,0,0,0,115,0,114,0
Wild Cherry Pepsi (12 fl oz),160,0,0,0,0,42,0,42,0
Wild Cherry Pepsi (16 fl oz),210,0,0,0,0,56,0,56,0
Wild Cherry Pepsi (20 fl oz),260,0,0,0,0,70,0,70,0
Wild Cherry Pepsi (30 fl oz),390,0,0,0,0,105,0,105,0
Country Fried Steak without Peppered White Gravy,360,24,7,1,35,22,2,0,13
Country Fried Steak with Peppered White Gravy,390,26,7,1,35,26,2,0,13
KFC Gizzards,300,16,2,0,210,18,1,0,20
KFC Livers,230,13,2.5,0,285,12,0,0,17
Bacon Club Chalupa,440,27,5,0,50,31,2,3,20
Blue Raspberry Freeze„¢ (16 oz),120,0,0,0,0,30,0,30,0
Blue Raspberry Freeze„¢ (20 oz),150,0,0,0,0,38,0,38,0
Loaded Nacho Taco,250,12,4.5,0,25,24,3,2,10
Midnight Berry Freeze„¢ (16 oz),140,0,0,0,0,35,0,34,0
Midnight Berry Freeze„¢ (20 oz),170,0,0,0,0,43,0,42,0
Nacho Fries,320,18,1.5,0,5,35,4,2,4
Nacho Fries BellGrande,710,40,6,0,30,73,10,4,13
Black Bean Chalupa  Online Exclusive,330,15,3,0,10,39,5,3,10
Black Bean Quesarito  Online Exclusive,630,29,10,0,35,73,7,5,19
Quesarito  Online Exclusive,650,33,12,0.5,55,67,6,5,22
Chalupa Supreme  Beef,350,18,5,0,25,33,4,3,13
Chalupa Supreme  Chicken,330,15,3.5,0,35,31,2,3,16
Chalupa Supreme  Steak,330,16,4,0,30,32,2,3,15
Cheesy Gordita Crunch,500,28,10,0.5,55,41,5,4,20
Crunchy Taco,170,9,3.5,0,25,13,3,1,8
Crunchy Taco Supreme,190,11,4.5,0,25,15,3,2,8
Loaded Nacho Taco (New),250,12,4.5,0,25,24,3,2,10
Nacho Cheese Doritos Locos Taco,170,9,3.5,0,25,13,3,1,8
Nacho Cheese Doritos Locos Taco Supreme,190,11,4.5,0,30,15,3,2,8
Soft Taco  Beef,180,9,4,0,25,17,3,1,9
Soft Taco  Chicken,160,5,2.5,0,30,16,1,1,12
Soft Taco  Beef,210,10,5,0,25,20,3,2,10
Soft Taco  Chicken,180,7,3.5,0,35,18,2,2,13
Bean Burrito (V),350,9,3.5,0,5,54,11,3,13
Beefy 5-Layer Burrito,490,18,7,0,30,63,9,5,18
Burrito Supreme  Beef,390,14,6,0,25,51,9,4,16
Burrito Supreme  Chicken,370,11,4.5,0,35,49,8,4,19
Burrito Supreme  Steak,370,12,5,0,30,49,7,4,18
Chili Cheese Burrito (regional),370,17,8,0,35,40,4,2,16
Quesarito  Beef,650,33,12,0.5,55,67,6,5,22
Quesarito  Chicken,620,29,11,0,65,66,4,4,25
Quesarito  Steak,630,30,11,0,60,66,4,4,24
Chips and Nacho Cheese Sauce (V),220,13,1.5,0,5,24,2,2,2
Nacho Fries (V) (New),320,18,1.5,0,5,35,4,2,4
Nacho Fries BellGrande (New),710,40,6,0,30,73,10,4,13
Nachos BellGrande  Beef,740,38,7,0,25,82,15,5,16
Nachos BellGrande  Chicken,720,35,6,0,35,81,14,5,20
Nachos BellGrande  Steak,720,36,6,0,30,81,14,5,19
Beef Quesarito,650,33,12,0.5,55,67,6,5,22
Black Bean Quesarito (V),630,29,10,0,35,73,7,5,19
Quesadilla  Cheese (V),470,25,12,0.5,50,37,4,2,19
Quesadilla  Chicken,510,26,12,0.5,75,38,4,2,27
Quesadilla  Steak,520,27,12,0.5,70,38,4,2,27
Bacon Club Chalupa  Specialties,440,27,5,0,50,31,2,3,20
Black Bean Chalupa  Specialties,330,15,3,0,10,39,5,3,10
Black Bean Crunchwrap Supreme  Specialties,510,17,4.5,0,5,77,8,6,13
Black Bean Quesarito  Specialties,630,29,10,0,35,73,7,5,19
Chalupa Supreme  Specialties,350,18,5,0,25,33,4,3,13
Cheesy Gordita Crunch  Specialties,500,28,10,0.5,55,41,5,4,20
Cheesy Roll Up  Specialties,180,9,5,0,20,15,2,1,9
Crunchwrap Supreme  Specialties,530,21,6,0,25,71,6,6,16
Crunchy Taco  Specialties,170,9,3.5,0,25,13,3,1,8
Nacho Cheese Doritos Locos Taco  Specialties,170,9,3.5,0,25,13,3,1,8
Nachos BellGrande  Specialties,740,38,7,0,25,82,15,5,16
Power Menu Bowl  Specialties,470,19,6,0,70,50,7,2,26
Quesadilla  Specialties,510,26,12,0.5,75,38,4,2,27
Quesarito  Specialties,650,33,12,0.5,55,67,6,5,22
Soft Taco  Specialties,180,9,4,0,25,17,3,1,9
Soft Taco Supreme  Specialties,210,10,5,0,25,20,3,2,10
Veggie Power Menu Bowl  Specialties,430,17,5,0,20,57,10,2,12
Black Beans & Rice (V),170,3.5,0,0,0,31,4,0,4
Black Beans (V),50,1,0,0,0,8,3,0,2
Cinnabon Delights„¢ (2 Pk) (V),160,9,2,0,5,17,0,10,2
Cinnabon Delights„¢ (12 Pk  Serves 4) (V),930,53,13,2,40,104,3,59,9
Cinnamon Twists (V),170,6,0,0,0,27,1,13,1
Diablo Sauce Packet (V),0,0,0,0,0,0,0,0,0
Fire Sauce Packet (V),0,0,0,0,0,0,0,0,0
Hot Sauce Packet (V),0,0,0,0,0,0,0,0,0
Mild Sauce Packet (V),0,0,0,0,0,0,0,0,0
Blue Raspberry Freeze„¢ (16 oz) (New),120,0,0,0,0,30,0,30,0
Blue Raspberry Freeze„¢ (20 oz) (New),150,0,0,0,0,38,0,38,0
Dragon Fruit Freeze (16 oz),190,0,0,0,0,49,0,47,0
Dragon Fruit Freeze (20 oz),230,0,0,0,0,59,0,57,0
Lowfat Milk  CA (Regional),100,2,1.5,0,10,13,0,12,9
Lowfat Milk  Federal (Regional),80,2,1.5,0,10,10,0,9,7
Midnight Berry Freeze„¢ (16 oz) (New),140,0,0,0,0,35,0,34,0
Midnight Berry Freeze„¢ (20 oz) (New),170,0,0,0,0,43,0,42,0
Mtn Dew Baja Blast Freeze„¢ (16 oz),150,0,0,0,0,41,0,41,0
Mtn Dew Baja Blast Freeze„¢ (20 oz),190,0,0,0,0,51,0,51,0
Orange Juice,140,0,0,0,0,33,1,28,2
Premium Hot Coffee,10,0,0,0,0,0,0,0,2
Regular Iced Coffee,10,0,0,0,0,0,0,0,2
Water,0,0,0,0,0,0,0,0,0
Wild Strawberry Freeze„¢ (16 oz),150,0,0,0,0,41,0,41,0
Wild Strawberry Freeze„¢ (20 oz),190,0,0,0,0,51,0,51,0
Beef Burrito  Value Menu,430,19,5,0,20,51,4,3,12
Cheesy Bean & Rice Burrito  Value Menu,420,16,4,0,5,56,7,3,10
Cheesy Roll Up  Value Menu,180,9,5,0,20,15,2,2,9
Chicken Chipotle Melt  Value Menu,190,9,3,0,35,15,1,3,12
Chips and Nacho Cheese Sauce  Value Menu,220,13,1.5,0,5,24,2,2,2
Cinnamon Twists  Value Menu,170,6,0,0,0,27,1,13,1
Loaded Nacho Taco  Value Menu,250,12,4.5,0,25,24,3,2,10
Bean Burrito,350,9,3.5,0,5,54,11,3,13
Black Bean Chalupa,330,15,3,0,10,39,5,3,10
Black Bean Crunchwrap Supreme,510,17,4.5,0,5,77,8,6,13
Black Bean Quesarito,630,29,10,0,35,73,7,5,19
Black Beans & Rice,170,3.5,0,0,0,31,4,0,4
Cheese Quesadilla,470,25,12,0.5,50,37,4,2,19
Cheesy Bean & Rice Burrito,420,16,4,0,5,56,7,3,10
Cheesy Roll Up,180,9,5,0,20,15,2,1,9
Chips and Nacho Cheese Sauce,220,13,1.5,0,5,24,2,2,2
Cinnabon Delights„¢ (2 Pack),160,9,2,0,5,17,0,10,2
Cinnabon Delights„¢ (12 Pack  Serves 4),930,53,13,2,40,104,3,59,9
Cinnamon Twists,170,6,0,0,0,27,1,13,1
Hash Brown,160,12,1,0,0,13,2,0,1
Power Menu Bowl  Veggie,430,17,5,0,20,57,10,2,12
Power Menu Bowl  Chicken,470,19,6,0,70,50,7,2,26
Power Menu Bowl  Steak,480,20,7,0,60,51,7,2,25
Power Menu Bowl  Veggie (V),430,17,5,0,20,57,10,2,12
Breakfast Crunchwrap  Bacon,670,41,12,0,140,50,4,3,21
Breakfast Crunchwrap  Sausage,720,47,15,0,145,51,4,3,21
Breakfast Crunchwrap  Steak,660,38,12,0,145,51,4,3,24
Breakfast Salsa Packet (V),0,0,0,0,0,1,0,0,0
Cheesy Toasted Breakfast Burrito  Bacon,350,16,4.5,0,115,36,2,3,13
Cheesy Toasted Breakfast Burrito  Fiesta Potato (V),340,14,3.5,0,100,43,3,3,10
Cheesy Toasted Breakfast Burrito  Sausage,340,17,5,0,110,36,2,3,11
Cinnabon Delights„¢ (2 Pack) (V),160,9,2,0,5,17,0,10,2
Cinnabon Delights„¢ (12 Pack  Serves 4) (V),930,53,13,2,40,104,3,59,9
Grande Toasted Breakfast Burrito  Bacon,560,30,10,0,230,49,4,3,24
Grande Toasted Breakfast Burrito  Sausage,560,31,10,0,230,49,4,3,22
Grande Toasted Breakfast Burrito  Steak,560,28,9,0,240,50,4,3,27
Hash Brown (V),160,12,1,0,0,13,2,0,1
Hash Brown Toasted Breakfast Burrito  Bacon,570,33,10,0,135,49,4,2,21
Hash Brown Toasted Breakfast Burrito  Sausage,570,34,10,0,130,49,4,2,18
Hash Brown Toasted Breakfast Burrito  Steak,570,30,9,0,140,50,4,2,24
7-Up (16 fl oz),190,0,0,0,70,0,0,46,0
Brisk Mango Iced Tea (16 fl oz),100,0,0,0,50,0,0,26,0
Brisk Unsweetened No Lemon Iced Tea (16 fl oz),0,0,0,0,60,0,0,0,0
Diet Dr Pepper (16 fl oz),0,0,0,0,95,0,0,0,0
Diet Mtn Dew (16 fl oz),5,0,0,0,75,0,0,1,0
Diet Pepsi (16 fl oz),0,0,0,0,75,0,0,0,0
Dr Pepper (16 fl oz),190,0,0,0,60,0,0,51,0
G2  Fruit Punch (16 fl oz),30,0,0,0,140,0,0,6,0
Mtn Dew (16 fl oz),220,0,0,0,70,0,0,58,0
Mtn Dew Baja Blast„¢ (16 fl oz),220,0,0,0,65,0,0,59,0
Mtn Dew Baja Blast Zero Sugar (16 fl oz),5,0,0,0,70,0,0,0,0
Mtn Dew Kickstart„¢ Orange Citrus (16 fl oz),70,0,0,0,75,0,0,18,0
Mug Root Beer (16 fl oz),190,0,0,0,60,0,0,52,0
Pepsi (16 fl oz),200,0,0,0,45,0,0,55,0
Pepsi Wild Cherry (16 fl oz),210,0,0,0,40,0,0,56,0
Pepsi Zero Sugar (16 fl oz),0,0,0,0,85,0,0,0,0
Sierra Mist (16 fl oz),200,0,0,0,45,0,0,54,0
Tropicana Pink Lemonade (16 fl oz),210,0,0,0,210,0,0,53,0
7-Up (20 fl oz),240,0,0,0,85,0,0,58,0
Brisk Mango Iced Tea (20 fl oz),120,0,0,0,60,0,0,32,0
Brisk Unsweetened No Lemon Iced Tea (20 fl oz),0,0,0,0,75,0,0,0,0
Diet Dr Pepper (20 fl oz),0,0,0,0,120,0,0,0,0
Diet Mtn Dew (20 fl oz),10,0,0,0,90,0,0,1,0
Diet Pepsi (20 fl oz),0,0,0,0,95,0,0,0,0
Dr Pepper (20 fl oz),240,0,0,0,75,0,0,64,0
G2  Fruit Punch (20 fl oz),35,0,0,0,180,0,0,8,0
Mtn Dew (20 fl oz),270,0,0,0,85,0,0,73,0
Mtn Dew Baja Blast„¢ (20 fl oz),280,0,0,0,80,0,0,73,0
Mtn Dew Baja Blast Zero Sugar (20 fl oz),10,0,0,0,85,0,0,0,0
Mtn Dew Kickstart„¢ Orange Citrus (20 fl oz),90,0,0,0,90,0,0,22,0
Mug Root Beer (20 fl oz),240,0,0,0,75,0,0,65,0
Pepsi (20 fl oz),250,0,0,0,55,0,0,69,0
Pepsi Wild Cherry (20 fl oz),260,0,0,0,50,0,0,70,0
Pepsi Zero Sugar (20 fl oz),0,0,0,0,105,0,0,0,0
Sierra Mist (20 fl oz),260,0,0,0,55,0,0,68,0
Tropicana Pink Lemonade (20 fl oz),260,0,0,0,260,0,0,67,0
7-Up (30 fl oz),350,0,0,0,125,0,0,87,0
Brisk Mango Iced Tea (30 fl oz),180,0,0,0,90,0,0,48,0
Brisk Unsweetened No Lemon Iced Tea (30 fl oz),0,0,0,0,115,0,0,0,0
Diet Dr Pepper (30 fl oz),0,0,0,0,180,0,0,0,0
Diet Mtn Dew (30 fl oz),10,0,0,0,140,0,0,1,0
Diet Pepsi (30 fl oz),0,0,0,0,140,0,0,0,0
Dr Pepper (30 fl oz),360,0,0,0,110,0,0,96,0
G2  Fruit Punch (30 fl oz),50,0,0,0,270,0,0,12,0
Mtn Dew (30 fl oz),410,0,0,0,125,0,0,109,0
Mtn Dew Baja Blast„¢ (30 fl oz),420,0,0,0,120,0,0,110,0
Mtn Dew Baja Blast Zero Sugar (30 fl oz),15,0,0,0,125,0,0,0,0
Mtn Dew Kickstart„¢ Orange Citrus (30 fl oz),130,0,0,0,140,0,0,33,0
Mug Root Beer (30 fl oz),360,0,0,0,110,0,0,98,0
Pepsi (30 fl oz),380,0,0,0,80,0,0,103,0
Pepsi Wild Cherry (30 fl oz),390,0,0,0,80,0,0,105,0
Pepsi Zero Sugar (30 fl oz),0,0,0,0,160,0,0,0,0
Sierra Mist (30 fl oz),380,0,0,0,80,0,0,101,0
Tropicana Pink Lemonade (30 fl oz),390,0,0,0,390,0,0,100,0
Detroit Double Cheesy Pizza Slice,280,12,6,0,30,31,2,2,13
Detroit Double Pepperoni Pizza Slice,330,17,7,0,40,30,2,2,14
Detroit Meaty Pizza Slice,320,16,6,0,35,31,2,2,14
Detroit Supremo Pizza Slice,290,13,6,0,30,31,2,2,13
Pan Pizza Slices Backyard BBQ Chicken Personal Pan,180,6,2,0,15,25,1,8,8
Pan Pizza Slices Backyard BBQ Chicken Medium,270,10,4,0,25,33,2,6,11
Pan Pizza Slices Backyard BBQ Chicken Large,380,16,6,0,35,43,2,7,16
Pan Pizza Slices Beyond Meat Pepperoni Medium,240,10,4.5,0,15,29,2,1,10
Pan Pizza Slices Beyond Meat Pepperoni Large,350,16,6,0,25,38,3,2,14
Pan Pizza Slices Buffalo Chicken Personal Pan,160,5,2,0,15,22,1,2,7
Pan Pizza Slices Buffalo Chicken Medium,240,9,3.5,0,20,31,2,2,11
Pan Pizza Slices Buffalo Chicken Large,350,14,5,0,30,40,2,2,15
Pan Pizza Slices Cheese Personal Pan,150,6,2.5,0,15,17,1,2,7
Pan Pizza Slices Cheese Medium,250,10,4.5,0,25,28,2,1,11
Pan Pizza Slices Cheese Large,360,17,7,0,35,37,2,2,16
Pan Pizza Slices Chicken Bacon Parmesan Personal Pan,180,8,3,0,20,17,1,2,9
Pan Pizza Slices Chicken Bacon Parmesan Medium,270,13,4.5,0,30,27,2,1,12
Pan Pizza Slices Chicken Bacon Parmesan Large,390,20,7,0,40,35,2,2,18
Pan Pizza Slices Hawaiian Chicken Personal Pan,150,5,2,0,15,18,1,3,8
Pan Pizza Slices Hawaiian Chicken Medium,240,9,3.5,0,20,29,2,2,12
Pan Pizza Slices Hawaiian Chicken Large,350,15,5,0,30,38,2,3,17
Pan Pizza Slices Meat Lovers Personal Pan,210,12,4.5,0,25,18,1,2,9
Pan Pizza Slices Meat Lovers Medium,320,17,6,0,35,28,2,1,13
Pan Pizza Slices Meat Lovers Large,470,27,10,0,50,37,2,2,19
Pan Pizza Slices Pepperoni Personal Pan,150,7,2.5,0,15,17,1,2,6
Pan Pizza Slices Pepperoni Medium,250,11,4.5,0,25,28,2,1,10
Pan Pizza Slices Pepperoni Large,370,18,6,0,35,36,2,2,15
Pan Pizza Slices Pepperoni Lovers Personal Pan,180,9,3.5,0,20,17,1,2,8
Pan Pizza Slices Pepperoni Lovers Medium,300,15,6,0,35,28,2,1,13
Pan Pizza Slices Pepperoni Lovers Large,440,24,9,0.5,50,37,3,2,19
Pan Pizza Slices Supreme Personal Pan,170,8,3,0,15,18,1,2,7
Pan Pizza Slices Supreme Medium,270,13,5,0,25,29,2,2,11
Pan Pizza Slices Supreme Large,390,20,7,0,40,37,2,2,16
Pan Pizza Slices Ultimate Cheese Lovers Personal Pan,170,8,3.5,0,15,17,1,2,8
Pan Pizza Slices Ultimate Cheese Lovers Medium,270,13,5,0,25,27,2,1,12
Pan Pizza Slices Ultimate Cheese Lovers Large,390,20,8,0,40,36,2,2,17
Pan Pizza Slices Veggie Lovers Personal Pan,140,5,2,0,10,18,1,2,6
Pan Pizza Slices Veggie Lovers Medium,230,9,3.5,0,15,29,2,2,9
Pan Pizza Slices Veggie Lovers Large,330,15,5,0,25,38,3,3,14
Hand Tossed Slices Backyard BBQ Chicken Small,140,4,2,0,15,20,1,4,6
Hand Tossed Slices Backyard BBQ Chicken Medium,220,7,3,0,20,31,2,6,10
Hand Tossed Slices Backyard BBQ Chicken Large,300,10,4.5,0,30,40,2,7,14
Hand Tossed Slices Beyond Meat Pepperoni Medium,200,7,3.5,0,15,26,2,1,9
Hand Tossed Slices Beyond Meat Pepperoni Large,280,10,5,0,20,35,3,2,12
Hand Tossed Slices  Buffalo Chicken Small,130,3.5,1.5,0,10,19,1,1,6
Hand Tossed Slices  Buffalo Chicken Medium,200,5,2.5,0,20,28,2,1,9
Hand Tossed Slices  Buffalo Chicken Large,270,8,4,0,30,37,2,2,13
Hand Tossed Slices Cheese Small,130,4.5,2,0,10,17,1,1,6
Hand Tossed Slices Cheese Medium,210,8,3.5,0,20,26,2,1,10
Hand Tossed Slices Cheese Large,290,10,5,0,30,34,3,2,13
Hand Tossed Slices Chicken Bacon Parmesan Small,150,6,2.5,0,15,16,1,1,7
Hand Tossed Slices Chicken Bacon Parmesan Medium,230,9,4,0,25,25,2,1,11
Hand Tossed Slices Chicken Bacon Parmesan Large,310,13,5,0,35,33,2,1,16
Hand Tossed Slices Hawaiian Chicken Small,130,4,1.5,0,10,17,1,1,7
Hand Tossed Slices Hawaiian Chicken Medium,210,6,3,0,20,27,2,2,10
Hand Tossed Slices Hawaiian Chicken Large,280,9,4,0,30,36,3,3,15
Hand Tossed Slices Meat Lovers Small,180,9,3.5,0,20,17,1,1,7
Hand Tossed Slices Meat Lovers Medium,290,15,6,0,30,26,2,1,12
Hand Tossed Slices Meat Lovers Large,390,21,8,0,45,34,3,2,17
Hand Tossed Slices Pepperoni Small,130,5,2,0,10,16,1,1,6
Hand Tossed Slices Pepperoni Medium,220,9,4,0,20,25,2,1,9
Hand Tossed Slices Pepperoni Large,300,13,6,0,30,34,3,2,13
Hand Tossed Slices Pepperoni Lovers Small,160,7,3,0,20,17,1,1,7
Hand Tossed Slices Pepperoni Lovers Medium,270,13,6,0,35,26,2,1,12
Hand Tossed Slices Pepperoni Lovers Large,370,18,8,0,50,35,3,2,17
Hand Tossed Slices Supreme Small,150,6,2.5,0,15,17,1,1,6
Hand Tossed Slices Supreme Medium,240,10,4,0,25,26,2,2,10
Hand Tossed Slices Supreme Large,320,14,6,0,35,35,3,2,14
Hand Tossed Slices Ultimate Cheese Lovers Small,150,6,2.5,0,15,16,1,1,6
Hand Tossed Slices Ultimate Cheese Lovers Medium,230,10,4.5,0,25,25,2,1,11
Hand Tossed Slices Ultimate Cheese Lovers Large,310,13,6,0,35,33,2,1,15
Hand Tossed Slices Veggie Lovers Small,120,4,1.5,0,10,17,1,1,5
Hand Tossed Slices Veggie Lovers Medium,200,6,2.5,0,15,27,2,2,8
Hand Tossed Slices Veggie Lovers Large,260,9,4,0,20,36,3,3,11
